ID_Sucursal,Nombre,Ciudad,Pais,Capacidad_almacenamiento
1,Fox Factory Holding Corp.,Baton Rouge,United States,47
2,KKR Income Opportunities Fund,Reston,United States,40
3,RELX PLC,Rochester,United States,47
4,Tekla Healthcare Opportunies Fund,Indianapolis,United States,22
5,Progenics Pharmaceuticals Inc.,Virginia Beach,United States,35
6,Saban Capital Acquisition Corp.,Salt Lake City,United States,28
7,"Donegal Group, Inc.",Los Angeles,United States,27
8,ContraFect Corporation,Dallas,United States,46
9,Rice Midstream Partners LP,Fort Wayne,United States,17
10,"CYS Investments, Inc.",Dallas,United States,29
11,"CenturyLink, Inc.",Shreveport,United States,49
12,"MacroGenics, Inc.",Aurora,United States,48
13,"Willbros Group, Inc.",Hagerstown,United States,28
14,"Nuveen New York Municipal Value Fund, Inc.",El Paso,United States,22
15,BB&T Corporation,Terre Haute,United States,41
16,Sohu.com Inc.,Phoenix,United States,17
17,OFG Bancorp,Toledo,United States,31
18,Cantel Medical Corp.,Oklahoma City,United States,19
19,"Western Asset Municipal Partners Fund, Inc.",San Diego,United States,33
20,Huntington Bancshares Incorporated,Seminole,United States,19
21,Astronics Corporation,San Diego,United States,28
22,J P Morgan Chase & Co,Arlington,United States,45
23,IntriCon Corporation,Vancouver,United States,27
24,Oconee Federal Financial Corp.,Orlando,United States,17
25,Telecom Italia S.P.A.,Inglewood,United States,48
26,Navios Maritime Acquisition Corporation,Pittsburgh,United States,32
27,Kopin Corporation,Fort Worth,United States,17
28,"AppFolio, Inc.",Sacramento,United States,39
29,"Sypris Solutions, Inc.",Brooklyn,United States,37
30,"DSP Group, Inc.",Shreveport,United States,45
31,Scientific Games Corp,Sacramento,United States,28
32,"Inspired Entertainment, Inc.",New York City,United States,37
33,"Eco-Stim Energy Solutions, Inc.",New Orleans,United States,42
34,VEREIT Inc.,Indianapolis,United States,22
35,"U.S. Global Investors, Inc.",Stockton,United States,48
36,VictoryShares International Volatility Wtd ETF,Chicago,United States,48
37,"Spirit Airlines, Inc.",Knoxville,United States,46
38,Hanesbrands Inc.,Boulder,United States,36
39,"Goldman Sachs BDC, Inc.",Daytona Beach,United States,21
40,Female Health Company (The),Springfield,United States,30
41,First Horizon National Corporation,Bronx,United States,24
42,"Emerald Expositions Events, Inc.",Tallahassee,United States,40
43,National Research Corporation,Tulsa,United States,22
44,"Banco Santander, S.A.",El Paso,United States,22
45,Blue Capital Reinsurance Holdings Ltd.,Fargo,United States,21
46,Diffusion Pharmaceuticals Inc.,Racine,United States,35
47,Invitation Homes Inc.,Pensacola,United States,17
48,"Telephone and Data Systems, Inc.",New Orleans,United States,38
49,Ardagh Group S.A.,Fort Worth,United States,36
50,"Porter Bancorp, Inc.",Detroit,United States,36
51,"Eastern Virginia Bankshares, Inc.",Hicksville,United States,26
52,Boardwalk Pipeline Partners L.P.,Newport Beach,United States,35
53,Federal Agricultural Mortgage Corporation,Honolulu,United States,37
54,First United Corporation,Tampa,United States,47
55,Rosehill Resources Inc.,El Paso,United States,17
56,Carolina Financial Corporation,Monroe,United States,44
57,"Civista Bancshares, Inc. ",Rochester,United States,16
58,"Washington Federal, Inc.",Albany,United States,40
59,"Lincoln Electric Holdings, Inc.",Los Angeles,United States,22
60,"Discovery Communications, Inc.",Omaha,United States,22
61,"CUI Global, Inc.",Sacramento,United States,18
62,Leucadia National Corporation,Wilkes Barre,United States,38
63,Voya International High Dividend Equity Income Fund,Gainesville,United States,46
64,Pimco Income Opportunity Fund,Fort Worth,United States,37
65,"NV5 Global, Inc.",New York City,United States,36
66,Zhaopin Limited,Las Vegas,United States,18
67,Interstate Power and Light Company,Fargo,United States,27
68,Barclays PLC,Jacksonville,United States,34
69,Ares Capital Corporation,Dallas,United States,35
70,iSectors Post-MPT Growth ETF,Carson City,United States,38
71,"Rave Restaurant Group, Inc.",Des Moines,United States,33
72,Bank Mutual Corporation,Nashville,United States,47
73,"Chimerix, Inc.",Santa Fe,United States,25
74,"Keryx Biopharmaceuticals, Inc.",Olympia,United States,48
75,"Texas Capital Bancshares, Inc.",Shawnee Mission,United States,18
76,"Fiserv, Inc.",Brooklyn,United States,22
77,"Eaton Corporation, PLC",New York City,United States,23
78,"Goldman Sachs Group, Inc. (The)",Grand Rapids,United States,17
79,"Eagle Pharmaceuticals, Inc.",Carson City,United States,18
80,Cousins Properties Incorporated,Beaufort,United States,22
81,J & J Snack Foods Corp.,Philadelphia,United States,36
82,Genpact Limited,San Francisco,United States,23
83,"Gaming and Leisure Properties, Inc.",Colorado Springs,United States,20
84,Stratus Properties Inc.,Staten Island,United States,46
85,Invesco High Income 2023 Target Term Fund,Cedar Rapids,United States,15
86,Matlin & Partners Acquisition Corporation,Mobile,United States,17
87,iShares MSCI Emerging Markets Asia Index Fund,Atlanta,United States,46
88,"Safety Insurance Group, Inc.",Kansas City,United States,18
89,Lianluo Smart Limited,Los Angeles,United States,32
90,Alliance World Dollar Government Fund II,San Diego,United States,16
91,"American Electric Technologies, Inc.",Dallas,United States,38
92,Oasmia Pharmaceutical AB,Palatine,United States,45
93,Alere Inc.,Cincinnati,United States,30
94,"PC-Tel, Inc.",Pasadena,United States,17
95,Jack In The Box Inc.,Newark,United States,19
96,Inphi Corporation,Boca Raton,United States,27
97,Verona Pharma plc,Tampa,United States,23
98,Zix Corporation,Minneapolis,United States,22
99,Navistar International Corporation,Waterbury,United States,48
100,EMCORE Corporation,Louisville,United States,30
101,Walter Investment Management Corp.,Shawnee Mission,United States,43
102,"Commerce Bancshares, Inc.",San Diego,United States,49
103,Good Times Restaurants Inc.,Kansas City,United States,23
104,JM Global Holding Company,Omaha,United States,33
105,"Accelerate Diagnostics, Inc.",Dallas,United States,34
106,OFS Capital Corporation,Kingsport,United States,43
107,Immune Design Corp.,New Haven,United States,30
108,Southern California Edison Company,Milwaukee,United States,16
109,"Blackrock MuniHoldings Quality Fund II, Inc.",Nashville,United States,22
110,Cardiome Pharma Corporation,Washington,United States,17
111,Newmont Mining Corporation,Chicago,United States,22
112,"Vital Therapies, Inc.",Springfield,United States,49
113,The Gabelli Healthcare & Wellness Trust,Fort Wayne,United States,16
114,DDR Corp.,New York City,United States,50
115,Legacy Reserves LP,Saint Paul,United States,25
116,"New York Community Bancorp, Inc.",Oakland,United States,29
117,Vanguard Russell 2000 ETF,Midland,United States,31
118,"Oncobiologics, Inc.",Staten Island,United States,23
119,Ambev S.A.,Fresno,United States,22
120,iPath US Treasury 2-year Bear ETN,Los Angeles,United States,45
121,Dana Incorporated,Brooklyn,United States,24
122,"The Chefs' Warehouse, Inc.",Chicago,United States,18
123,CDW Corporation,Mesquite,United States,25
124,Hormel Foods Corporation,Denver,United States,27
125,FS Investment Corporation,Zephyrhills,United States,22
126,CBO (Listing Market - NYSE - Networks A/E),Odessa,United States,45
127,"PrivateBancorp, Inc.",Scottsdale,United States,38
128,Chesapeake Energy Corporation,Roanoke,United States,24
129,Heico Corporation,Omaha,United States,19
130,Preformed Line Products Company,Salinas,United States,26
131,Edison International,Madison,United States,15
132,Hersha Hospitality Trust,Knoxville,United States,28
133,iStar Financial Inc.,Mesa,United States,33
134,Martin Midstream Partners L.P.,Boynton Beach,United States,16
135,"Avid Technology, Inc.",Minneapolis,United States,20
136,Aspen Insurance Holdings Limited,Dallas,United States,46
137,Sprint Corporation,Topeka,United States,16
138,"ConnectOne Bancorp, Inc.",Phoenix,United States,30
139,PartnerRe Ltd.,Oakland,United States,27
140,"Oaktree Capital Group, LLC",New York City,United States,29
141,"PDL BioPharma, Inc.",Dallas,United States,50
142,"Flexsteel Industries, Inc.",Minneapolis,United States,41
143,"Customers Bancorp, Inc",Columbus,United States,27
144,Voya Global Equity Dividend and Premium Opportunity Fund,Anchorage,United States,36
145,WisdomTree China ex-State-Owned Enterprises Fund,Cincinnati,United States,41
146,"Avinger, Inc.",El Paso,United States,46
147,Heritage Commerce Corp,Joliet,United States,26
148,"Wheeler Real Estate Investment Trust, Inc.",New Orleans,United States,44
149,Putnam Master Intermediate Income Trust,Pittsburgh,United States,33
150,"CDK Global, Inc.",Washington,United States,18
151,Mosaic Company (The),Newark,United States,29
152,"Columbia Property Trust, Inc.",Macon,United States,36
153,NQ Mobile Inc.,Kansas City,United States,16
154,BOK Financial Corporation,Paterson,United States,48
155,"Cedar Fair, L.P.",Detroit,United States,43
156,"Commerce Bancshares, Inc.",Fort Wayne,United States,43
157,"Revolution Lighting Technologies, Inc.",Los Angeles,United States,17
158,"Codorus Valley Bancorp, Inc",Lexington,United States,35
159,"Republic First Bancorp, Inc.",Raleigh,United States,41
160,"Kandi Technologies Group, Inc.",Albuquerque,United States,45
161,Diffusion Pharmaceuticals Inc.,Atlanta,United States,34
162,"Pulse Biosciences, Inc",Washington,United States,49
163,"HCP, Inc.",Los Angeles,United States,33
164,DTE Energy Company,Shreveport,United States,50
165,TravelCenters of America LLC,Jacksonville,United States,50
166,Petroquest Energy Inc,Houston,United States,47
167,PowerShares DWA Technology Momenum Portfolio,Garland,United States,50
168,Yulong Eco-Materials Limited,Dallas,United States,24
169,Murphy USA Inc.,Charlotte,United States,44
170,Numerex Corp.,San Rafael,United States,36
171,First Trust New Opportunities MLP & Energy Fund,Dallas,United States,22
172,"Communications Systems, Inc.",Salt Lake City,United States,49
173,PIMCO Dynamic Credit and Mortgage Income Fund,San Francisco,United States,27
174,"Alliance Resource Partners, L.P.",Las Vegas,United States,42
175,Weatherford International plc,Boynton Beach,United States,23
176,Atlassian Corporation Plc,Durham,United States,16
177,"The Ultimate Software Group, Inc.",Fort Worth,United States,49
178,"Sage Therapeutics, Inc.",London,United States,38
179,Nuveen Energy MLP Total Return Fund,Lexington,United States,30
180,TravelCenters of America LLC,Washington,United States,26
181,"Insignia Systems, Inc.",Cleveland,United States,22
182,Liberty Media Corporation,Washington,United States,29
183,DSW Inc.,Boston,United States,40
184,Kaiser Aluminum Corporation,Kansas City,United States,41
185,"SunTrust Banks, Inc.",Louisville,United States,40
186,"Advaxis, Inc.",Hampton,United States,29
187,"Peoples Bancorp of North Carolina, Inc.",Chicago,United States,22
188,"Fogo de Chao, Inc.",Mesquite,United States,45
189,Bryn Mawr Bank Corporation,Spring,United States,18
190,Broadcom Limited,Louisville,United States,43
191,"Stericycle, Inc.",Seattle,United States,28
192,Resolute Forest Products Inc.,Winston Salem,United States,29
193,"Duff & Phelps Utilities Tax-Free Income, Inc.",Naples,United States,18
194,M&T Bank Corporation,Denton,United States,31
195,"Recro Pharma, Inc.",San Antonio,United States,32
196,Naked Brand Group Inc.,Sacramento,United States,40
197,Ares Management L.P.,Lancaster,United States,44
198,"KAR Auction Services, Inc",Topeka,United States,24
199,Bank of Marin Bancorp,Raleigh,United States,33
200,"T2 Biosystems, Inc.",Cincinnati,United States,49
201,Pzena Investment Management Inc,Topeka,United States,38
202,Qwest Corporation,New Brunswick,United States,45
203,"Floor & Decor Holdings, Inc.",Peoria,United States,21
204,"Everest Re Group, Ltd.",Cheyenne,United States,39
205,"Delcath Systems, Inc.",Minneapolis,United States,42
206,"McCormick & Company, Incorporated",Johnson City,United States,45
207,LaSalle Hotel Properties,Baltimore,United States,38
208,STAAR Surgical Company,Virginia Beach,United States,21
209,"First Interstate BancSystem, Inc.",Lansing,United States,24
210,"Customers Bancorp, Inc",Wilmington,United States,42
211,Barings Participation Investors,Baton Rouge,United States,31
212,"Jounce Therapeutics, Inc.",Cincinnati,United States,25
213,"Customers Bancorp, Inc",Jacksonville,United States,33
214,"Pacific Ethanol, Inc.",Madison,United States,17
215,WEX Inc.,Shawnee Mission,United States,19
216,Martin Midstream Partners L.P.,Peoria,United States,27
217,"Winnebago Industries, Inc.",Honolulu,United States,19
218,Centene Corporation,Allentown,United States,33
219,"PetMed Express, Inc.",Bellevue,United States,29
220,St. Joe Company (The),Vancouver,United States,47
221,Tennant Company,Austin,United States,23
222,"Inovio Pharmaceuticals, Inc.",Tampa,United States,37
223,"Wheeler Real Estate Investment Trust, Inc.",El Paso,United States,18
224,"Elevate Credit, Inc.",Richmond,United States,50
225,Cousins Properties Incorporated,Montgomery,United States,36
226,"Avenue Therapeutics, Inc.",Nashville,United States,44
227,Superconductor Technologies Inc.,Richmond,United States,48
228,"Urban One, Inc. ",Scottsdale,United States,44
229,"Retail Properties of America, Inc.",Greensboro,United States,25
230,"Duff & Phelps Utility & Corporate Bond Trust, Inc.",Scranton,United States,31
231,Nuveen Municipal Credit Income Fund,Seminole,United States,43
232,"Alder BioPharmaceuticals, Inc.",Waco,United States,40
233,"LTC Properties, Inc.",Richmond,United States,24
234,Rice Energy Inc.,Kansas City,United States,32
235,Innodata Inc.,Fort Worth,United States,44
236,Heritage Commerce Corp,Los Angeles,United States,18
237,"Colony NorthStar, Inc.",Canton,United States,26
238,Two River Bancorp,Miami,United States,24
239,Enterprise Financial Services Corporation,Rochester,United States,26
240,"General American Investors, Inc.",Merrifield,United States,34
241,Enel Chile S.A.,Orlando,United States,49
242,First Trust Canada AlphaDEX Fund,Garden Grove,United States,45
243,"United Community Banks, Inc.",Fort Wayne,United States,31
244,Penn Virginia Corporation,Charlotte,United States,20
245,"Blueknight Energy Partners L.P., L.L.C.",Toledo,United States,27
246,"Chembio Diagnostics, Inc.",Oklahoma City,United States,32
247,MakeMyTrip Limited,Minneapolis,United States,31
248,Northrop Grumman Corporation,Anniston,United States,50
249,Colgate-Palmolive Company,Bethlehem,United States,37
250,"Intercept Pharmaceuticals, Inc.",Boston,United States,19
251,"Morgan Stanley Emerging Markets Fund, Inc.",Washington,United States,17
252,Nordic American Tankers Limited,Dayton,United States,29
253,"Laureate Education, Inc.",Jamaica,United States,46
254,"ARMOUR Residential REIT, Inc.",Memphis,United States,29
255,Urstadt Biddle Properties Inc.,Schenectady,United States,29
256,"Organovo Holdings, Inc.",Springfield,United States,39
257,iPass Inc.,Lincoln,United States,37
258,"Proto Labs, Inc.",Chicago,United States,20
259,Nuveen High Income 2020 Target Term Fund,Austin,United States,50
260,"Enviva Partners, LP",Baton Rouge,United States,26
261,"Entergy New Orleans, Inc.",San Jose,United States,45
262,RELX PLC,Huntington,United States,49
263,Nuveen Credit Opportunities 2022 Target Term Fund,Fort Worth,United States,33
264,Flaherty & Crumrine Dynamic Preferred and Income Fund Inc.,Springfield,United States,29
265,"Goldman Sachs Group, Inc. (The)",Chandler,United States,44
266,Forward Air Corporation,Los Angeles,United States,17
267,Barclays PLC,Waco,United States,24
268,Zix Corporation,Indianapolis,United States,19
269,Johnson & Johnson,Dallas,United States,50
270,Star Bulk Carriers Corp.,Fresno,United States,43
271,"Tile Shop Hldgs, Inc.",Charlottesville,United States,25
272,Countrywide Financial Corporation,Syracuse,United States,45
273,Voya Global Equity Dividend and Premium Opportunity Fund,Lexington,United States,39
274,"Suburban Propane Partners, L.P.",Sacramento,United States,40
275,Grupo Aeroportuario del Centro Norte S.A.B. de C.V.,Detroit,United States,41
276,Puma Biotechnology Inc,Racine,United States,28
277,Dick's Sporting Goods Inc,Waco,United States,25
278,"SenesTech, Inc.",Pittsburgh,United States,16
279,"Catalyst Pharmaceuticals, Inc.",Newark,United States,34
280,Trustmark Corporation,Toledo,United States,16
281,PowerShares 1-30 Laddered Treasury Portfolio,Denver,United States,24
282,Alliance Data Systems Corporation,Baton Rouge,United States,22
283,Danaher Corporation,Naples,United States,47
284,Kilroy Realty Corporation,Las Vegas,United States,22
285,Drive Shack Inc.,Minneapolis,United States,33
286,Marine Products Corporation,Little Rock,United States,46
287,"Miragen Therapeutics, Inc.",Omaha,United States,19
288,"Atlas Financial Holdings, Inc.",Chicago,United States,43
289,Vornado Realty Trust,High Point,United States,31
290,"Clear Channel Outdoor Holdings, Inc.",Oklahoma City,United States,27
291,"PNC Financial Services Group, Inc. (The)",Portland,United States,38
292,IDEX Corporation,Brooklyn,United States,26
293,John Hancock Preferred Income Fund,Jefferson City,United States,49
294,FB Financial Corporation,Philadelphia,United States,43
295,"TrovaGene, Inc.",Norwalk,United States,26
296,Arlington Asset Investment Corp,Fort Worth,United States,31
297,"Eiger BioPharmaceuticals, Inc.",Pueblo,United States,44
298,"Omega Flex, Inc.",Springfield,United States,43
299,CVR Energy Inc.,Sacramento,United States,26
300,TICC Capital Corp.,Huntsville,United States,46
301,Kemet Corporation,London,United States,31
302,"ARMOUR Residential REIT, Inc.",Des Moines,United States,20
303,Ivy NextShares,Milwaukee,United States,36
304,Active Alts Contrarian ETF,Jackson,United States,21
305,"Redwood Trust, Inc.",Beaumont,United States,44
306,Medigus Ltd.,Des Moines,United States,18
307,PowerShares International BuyBack Achievers Portfolio,Amarillo,United States,45
308,"Peoples Bancorp of North Carolina, Inc.",Marietta,United States,19
309,"Snyder's-Lance, Inc.",Young America,United States,41
310,"Sprott Focus Trust, Inc.",Atlanta,United States,21
311,"Bancorp 34, Inc.",Corona,United States,43
312,PowerShares Variable Rate Investment Grade Portfolio,Shreveport,United States,36
313,CPFL Energia S.A.,Tulsa,United States,47
314,Skyline Medical Inc.,Colorado Springs,United States,37
315,"Vectrus, Inc.",Tuscaloosa,United States,47
316,"PennyMac Financial Services, Inc.",Huntington,United States,18
317,American Vanguard Corporation,Honolulu,United States,42
318,NICE Ltd,Pittsburgh,United States,37
319,"Nasdaq, Inc.",Santa Monica,United States,49
320,Cinemark Holdings Inc,San Diego,United States,33
321,Nuveen Municipal 2021 Target Term Fund,Durham,United States,46
322,"Paycom Software, Inc.",Columbia,United States,48
323,Applied Genetic Technologies Corporation,Vancouver,United States,19
324,Guggenheim Credit Allocation Fund,Iowa City,United States,37
325,Tekla Life Sciences Investors,Midland,United States,40
326,Noah Holdings Ltd.,Trenton,United States,30
327,"MuleSoft, Inc.",Dallas,United States,21
328,American Homes 4 Rent,Houston,United States,17
329,"PCM, Inc.",Saint Cloud,United States,35
330,"Aimmune Therapeutics, Inc.",Houston,United States,31
331,"Virtus Investment Partners, Inc.",New Orleans,United States,19
332,Yelp Inc.,Charlottesville,United States,42
333,"Blackrock MuniEnhanced Fund, Inc.",Lafayette,United States,49
334,General Electric Company,Tyler,United States,49
335,Global X NASDAQ China Technology ETF,Garland,United States,23
336,IPG Photonics Corporation,Kansas City,United States,34
337,Allstate Corporation (The),Durham,United States,30
338,"Merck & Company, Inc.",Boynton Beach,United States,33
339,"Hurco Companies, Inc.",Lansing,United States,15
340,"Rave Restaurant Group, Inc.",Richmond,United States,22
341,The Medicines Company,Baton Rouge,United States,47
342,"PrivateBancorp, Inc.",Phoenix,United States,30
343,Genworth Financial Inc,Migrate,United States,19
344,Andina Acquisition Corp. II,Newark,United States,36
345,Tiptree Inc.,Houston,United States,43
346,CHS Inc,Washington,United States,17
347,Cimarex Energy Co,Fort Wayne,United States,47
348,CNA Financial Corporation,Kissimmee,United States,19
349,First Busey Corporation,Norfolk,United States,25
350,"Cellular Biomedicine Group, Inc.",Colorado Springs,United States,40
351,"Entergy Arkansas, Inc.",Norfolk,United States,34
352,"Pro-Dex, Inc.",Philadelphia,United States,30
353,E.I. du Pont de Nemours and Company,Phoenix,United States,28
354,"Taubman Centers, Inc.",West Palm Beach,United States,31
355,"Stericycle, Inc.",Dulles,United States,38
356,"Biolase, Inc.",San Diego,United States,34
357,"South Jersey Industries, Inc.",Stockton,United States,34
358,"Energizer Holdings, Inc.",Lincoln,United States,18
359,Ingredion Incorporated,Glendale,United States,41
360,Capital One Financial Corporation,Saint Louis,United States,35
361,Aegon NV,San Francisco,United States,29
362,ClearBridge Energy MLP Fund Inc.,Whittier,United States,48
363,"Stag Industrial, Inc.",Saint Louis,United States,46
364,WisdomTree Middle East Dividend Fund,Pensacola,United States,38
365,"MINDBODY, Inc.",Olympia,United States,41
366,Kenon Holdings Ltd.,Huntington Beach,United States,38
367,"Vmware, Inc.",Washington,United States,42
368,"InfraREIT, Inc.",Portland,United States,26
369,"Ekso Bionics Holdings, Inc.",Fullerton,United States,32
370,ContraVir Pharmaceuticals Inc,Cincinnati,United States,40
371,PowerShares DWA Basic Materials Momentum Portfolio,Pasadena,United States,34
372,"Orexigen Therapeutics, Inc.",Columbus,United States,23
373,Mesoblast Limited,Kansas City,United States,27
374,AmeriServ Financial Inc.,Sacramento,United States,44
375,Cerner Corporation,Fort Myers,United States,39
376,"Apogee Enterprises, Inc.",Austin,United States,21
377,PowerShares S&P SmallCap Health Care Portfolio,Beaumont,United States,19
378,"Cass Information Systems, Inc",Chicago,United States,49
379,"WESCO International, Inc.",El Paso,United States,19
380,US Foods Holding Corp.,Nashville,United States,41
381,"Taubman Centers, Inc.",Tulsa,United States,27
382,"Owens-Illinois, Inc.",Daytona Beach,United States,37
383,Nuveen S&P 500 Buy-Write Income Fund,Tampa,United States,32
384,Gridsum Holding Inc.,San Rafael,United States,18
385,Northern Trust Corporation,Hamilton,United States,18
386,Universal Health Realty Income Trust,Wilkes Barre,United States,46
387,Aceto Corporation,Memphis,United States,50
388,"Equity Bancshares, Inc.",Knoxville,United States,42
389,iShares FTSE EPRA/NAREIT Europe Index Fund,Greensboro,United States,15
390,"Reliv' International, Inc.",Topeka,United States,41
391,"Eagle Bancorp, Inc.",Raleigh,United States,35
392,Lincoln National Corporation,Austin,United States,30
393,"BeyondSpring, Inc.",Macon,United States,24
394,Brink's Company (The),Allentown,United States,23
395,Enduro Royalty Trust,Pittsburgh,United States,22
396,"PPL Capital Funding, Inc.",New York City,United States,28
397,"TJX Companies, Inc. (The)",Buffalo,United States,37
398,"Tabula Rasa HealthCare, Inc.",Fort Wayne,United States,46
399,"Sientra, Inc.",Annapolis,United States,40
400,Ritchie Bros. Auctioneers Incorporated,Albuquerque,United States,48
401,iPath US Treasury 5-year Bear ETN,Mobile,United States,44
402,"Tandy Leather Factory, Inc.",Rochester,United States,19
403,State Street Corporation,Orlando,United States,46
404,"Sonus Networks, Inc.",Irving,United States,48
405,General Electric Company,Pasadena,United States,29
406,Peoples Bancorp Inc.,Philadelphia,United States,27
407,Carolina Financial Corporation,Des Moines,United States,22
408,"Agios Pharmaceuticals, Inc.",Toledo,United States,32
409,Assured Guaranty Ltd.,Miami,United States,48
410,"Pulmatrix, Inc.",Los Angeles,United States,41
411,"Perceptron, Inc.",Saint Joseph,United States,40
412,Discover Financial Services,San Jose,United States,48
413,Investors Real Estate Trust,Philadelphia,United States,48
414,"Mettler-Toledo International, Inc.",Saint Paul,United States,39
415,"Sevcon, Inc.",Bloomington,United States,15
416,Frontier Communications Corporation,Sioux City,United States,30
417,Scholastic Corporation,Reading,United States,48
418,Tesoro Logistics LP,Columbia,United States,38
419,"Tyson Foods, Inc.",Albuquerque,United States,21
420,"Shutterstock, Inc.",Seattle,United States,46
421,"OSI Systems, Inc.",Roanoke,United States,30
422,Capital Product Partners L.P.,Colorado Springs,United States,43
423,Astronics Corporation,Houston,United States,15
424,"Spring Bank Pharmaceuticals, Inc.",West Palm Beach,United States,33
425,"H&R Block, Inc.",Columbus,United States,19
426,Physicians Realty Trust,Houston,United States,22
427,ReWalk Robotics Ltd,Cincinnati,United States,38
428,"PDF Solutions, Inc.",Baton Rouge,United States,17
429,"Cohen & Steers Infrastructure Fund, Inc",Columbus,United States,39
430,"Citizens Community Bancorp, Inc.",Huntsville,United States,35
431,"ADOMANI, Inc.",Garland,United States,23
432,Xactly Corporation,Van Nuys,United States,42
433,M&T Bank Corporation,Tulsa,United States,33
434,Western Union Company (The),Albuquerque,United States,29
435,Assured Guaranty Ltd.,Brooklyn,United States,42
436,Bristol-Myers Squibb Company,Tallahassee,United States,46
437,Norwegian Cruise Line Holdings Ltd.,Houston,United States,43
438,"Salisbury Bancorp, Inc.",El Paso,United States,41
439,Banco Santander Chile,Salt Lake City,United States,32
440,Universal Display Corporation,Dallas,United States,40
441,"Retrophin, Inc.",Bloomington,United States,17
442,"Prestige Brand Holdings, Inc.",Saint Paul,United States,49
443,Veeva Systems Inc.,Lynn,United States,44
444,"Axsome Therapeutics, Inc.",Columbus,United States,35
445,"Juniper Networks, Inc.",Lawrenceville,United States,38
446,Garrison Capital Inc.,Sacramento,United States,39
447,"CBL & Associates Properties, Inc.",Houston,United States,26
448,BOK Financial Corporation,Reading,United States,23
449,"F5 Networks, Inc.",Las Vegas,United States,39
450,Eversource Energy,New Orleans,United States,42
451,CBX (Listing Market NYSE Networks AE,Dallas,United States,19
452,Nova Measuring Instruments Ltd.,Omaha,United States,47
453,"Himax Technologies, Inc.",Paterson,United States,21
454,Steel Partners Holdings LP,Reno,United States,33
455,Murphy Oil Corporation,Anchorage,United States,21
456,"Proteon Therapeutics, Inc.",Philadelphia,United States,32
457,"Cutera, Inc.",Johnson City,United States,45
458,"Aduro Biotech, Inc.",Lexington,United States,37
459,American Homes 4 Rent,Washington,United States,19
460,Belden Inc,San Antonio,United States,35
461,Alliant Energy Corporation,Savannah,United States,18
462,Bank Of Montreal,Houston,United States,44
463,Concho Resources Inc.,Richmond,United States,39
464,Bank of Commerce Holdings (CA),Knoxville,United States,50
465,"FormFactor, Inc.",Pittsburgh,United States,24
466,Allegiant Travel Company,Bellevue,United States,47
467,"Grupo Aeroportuario Del Pacifico, S.A. de C.V.",San Antonio,United States,41
468,Jensyn Acquistion Corp.,Chicago,United States,34
469,"Vertex Energy, Inc",Brooklyn,United States,33
470,"Patrick Industries, Inc.",Sterling,United States,21
471,Urstadt Biddle Properties Inc.,Phoenix,United States,45
472,iShares Commodities Select Strategy ETF,Washington,United States,23
473,"Porter Bancorp, Inc.",Savannah,United States,31
474,Qumu Corporation,Scottsdale,United States,49
475,Vectren Corporation,Young America,United States,30
476,"Popular, Inc.",Anchorage,United States,33
477,Great Elm Capital Corp.,Charlotte,United States,40
478,The ExOne Company,Nashville,United States,20
479,Oasis Petroleum Inc.,Tucson,United States,35
480,Molina Healthcare Inc,Lincoln,United States,48
481,Potbelly Corporation,Nashville,United States,18
482,Diodes Incorporated,Paterson,United States,26
483,Tenet Healthcare Corporation,San Diego,United States,18
484,Capital One Financial Corporation,Washington,United States,33
485,"Web.com Group, Inc.",Philadelphia,United States,20
486,Nicolet Bankshares Inc.,Chandler,United States,28
487,MediWound Ltd.,Honolulu,United States,43
488,"Mota Group, Inc.",El Paso,United States,49
489,Digimarc Corporation,Norfolk,United States,26
490,"Park City Group, Inc.",Brooklyn,United States,33
491,FlexShares Credit-Scored US Long Corporate Bond Index Fund,Toledo,United States,50
492,First Trust/Aberdeen Emerging Opportunity Fund,Arlington,United States,36
493,Aspen Insurance Holdings Limited,Honolulu,United States,46
494,AudioCodes Ltd.,Vancouver,United States,38
495,CABCO Series 2004-101 Trust,Battle Creek,United States,22
496,"Zayo Group Holdings, Inc.",Daytona Beach,United States,33
497,"Pioneer Power Solutions, Inc.",Dayton,United States,17
498,Microchip Technology Incorporated,Springfield,United States,25
499,"Liberty Tax, Inc.",Saint Cloud,United States,40
500,"Poage Bankshares, Inc.",Washington,United States,22
501,Public Storage,Fort Lauderdale,United States,34
502,Toronto Dominion Bank (The),Washington,United States,36
503,ClearSign Combustion Corporation,Knoxville,United States,39
504,ENDRA Life Sciences Inc.,Washington,United States,21
505,"PulteGroup, Inc.",Manassas,United States,50
506,Ultra Petroleum Corp.,Saint Louis,United States,26
507,"Rush Enterprises, Inc.",Staten Island,United States,35
508,Black Hills Corporation,Evansville,United States,33
509,Vascular Biogenics Ltd.,Miami,United States,40
510,Purefunds Solactive FinTech ETF,Los Angeles,United States,28
511,"Ardelyx, Inc.",Aurora,United States,31
512,IBERIABANK Corporation,Aurora,United States,33
513,"The Hanover Insurance Group, Inc.",Mesquite,United States,17
514,Snap Inc.,Knoxville,United States,42
515,"USA Technologies, Inc.",Minneapolis,United States,43
516,Progenics Pharmaceuticals Inc.,Vancouver,United States,17
517,"Chegg, Inc.",Denver,United States,50
518,"Guaranty Federal Bancshares, Inc.",Miami,United States,17
519,GasLog Partners LP,Warren,United States,22
520,"Twin Disc, Incorporated",Erie,United States,26
521,Main Street Capital Corporation,Corpus Christi,United States,33
522,Annaly Capital Management Inc,Sioux City,United States,24
523,Flaherty & Crumrine Preferred Securities Income Fund Inc,Baltimore,United States,26
524,Cherry Hill Mortgage Investment Corporation,Duluth,United States,15
525,Digirad Corporation,Springfield,United States,25
526,Interstate Power and Light Company,Pensacola,United States,25
527,Gladstone Commercial Corporation,Young America,United States,37
528,First Busey Corporation,Colorado Springs,United States,34
529,St. Joe Company (The),Lansing,United States,41
530,"NextEra Energy, Inc.",Littleton,United States,16
531,Highpower International Inc,Clearwater,United States,29
532,VEREIT Inc.,Jackson,United States,25
533,CorVel Corp.,Memphis,United States,43
534,Cytori Therapeutics Inc,Washington,United States,19
535,RAIT Financial Trust,Pensacola,United States,27
536,180 Degree Capital Corp.,Stamford,United States,44
537,"Parke Bancorp, Inc.",Olympia,United States,29
538,Redhill Biopharma Ltd.,Bronx,United States,35
539,"City Office REIT, Inc.",Anchorage,United States,22
540,WSFS Financial Corporation,Seattle,United States,21
541,Green Dot Corporation,Long Beach,United States,17
542,Union Pacific Corporation,Pittsburgh,United States,46
543,First Financial Bancorp.,Bellevue,United States,29
544,OFS Capital Corporation,Sacramento,United States,28
545,"Farmers & Merchants Bancorp, Inc.",Ocala,United States,46
546,The KEYW Holding Corporation,Biloxi,United States,34
547,Univest Corporation of Pennsylvania,Jefferson City,United States,36
548,Apollo Commercial Real Estate Finance,Albany,United States,31
549,"First Mid-Illinois Bancshares, Inc.",Lafayette,United States,20
550,New Media Investment Group Inc.,Yonkers,United States,18
551,Vanguard Russell 1000 Value ETF,Dallas,United States,19
552,Getty Realty Corporation,Kissimmee,United States,16
553,Navios Maritime Holdings Inc.,Richmond,United States,43
554,"Equity Bancshares, Inc.",Palmdale,United States,17
555,W.R. Berkley Corporation,Chicago,United States,34
556,8x8 Inc,Houston,United States,27
557,"Fidelity National Information Services, Inc.",Grand Rapids,United States,39
558,"CSS Industries, Inc.",Fairbanks,United States,17
559,"Financial Engines, Inc.",Norfolk,United States,44
560,Special Opportunities Fund Inc.,Durham,United States,22
561,"Alliance MMA, Inc.",Van Nuys,United States,40
562,"PerkinElmer, Inc.",Philadelphia,United States,17
563,Mitel Networks Corporation,Knoxville,United States,17
564,"America's Car-Mart, Inc.",Phoenix,United States,25
565,"B. Riley Financial, Inc.",Atlanta,United States,49
566,"Live Nation Entertainment, Inc.",Virginia Beach,United States,20
567,"Fidelity National Financial, Inc.",Cincinnati,United States,48
568,"Ballard Power Systems, Inc.",New Orleans,United States,48
569,"Summit Hotel Properties, Inc.",Richmond,United States,38
570,Countrywide Financial Corporation,Fort Lauderdale,United States,20
571,Liberty Global plc,Cincinnati,United States,37
572,Tantech Holdings Ltd.,Virginia Beach,United States,28
573,Charter Financial Corp.,Oklahoma City,United States,46
574,Vical Incorporated,Albany,United States,22
575,"Dover Motorsports, Inc.",Lexington,United States,15
576,"Bottomline Technologies, Inc.",Farmington,United States,27
577,PAVmed Inc.,Toledo,United States,22
578,Nuveen Connecticut Quality Municipal Income Fund,San Diego,United States,41
579,Medovex Corp.,Washington,United States,19
580,"StarTek, Inc.",Houston,United States,46
581,Celanese Corporation,Miami,United States,22
582,"Lantheus Holdings, Inc.",Charleston,United States,20
583,"Eyegate Pharmaceuticals, Inc.",Fort Wayne,United States,48
584,"BeyondSpring, Inc.",New Orleans,United States,26
585,National General Holdings Corp,El Paso,United States,41
586,Grupo Aval Acciones y Valores S.A.,Pasadena,United States,44
587,IDEX Corporation,Lansing,United States,33
588,Peoples Financial Services Corp. ,San Diego,United States,35
589,"Intermolecular, Inc.",Knoxville,United States,49
590,PureFunds ETFx HealthTech ETF,San Antonio,United States,30
591,"Sprott Focus Trust, Inc.",Spartanburg,United States,40
592,"Bloomin' Brands, Inc.",Grand Rapids,United States,27
593,Griffon Corporation,Vienna,United States,43
594,"Vail Resorts, Inc.",Tampa,United States,19
595,"Synthetic Fixed-Income Securities, Inc.",Erie,United States,43
596,Cadence Bancorporation,Cedar Rapids,United States,15
597,Loncar Cancer Immunotherapy ETF,Beaufort,United States,23
598,ESSA Pharma Inc.,Las Vegas,United States,17
599,"TC PipeLines, LP",Durham,United States,39
600,Wells Fargo & Company,Houston,United States,38
601,"Yum! Brands, Inc.",Las Cruces,United States,22
602,Vonage Holdings Corp.,Amarillo,United States,25
603,"Wecast Network, Inc.",Denver,United States,16
604,The Organics ETF,Amarillo,United States,32
605,Embraer-Empresa Brasileira de Aeronautica,Camden,United States,42
606,Forum Merger Corporation,Saint Petersburg,United States,29
607,Intel Corporation,Pompano Beach,United States,29
608,"Vertex Energy, Inc",Stockton,United States,25
609,PowerShares Optimum Yield Diversified Commodity Strategy No K-,Chicago,United States,23
610,"Brown & Brown, Inc.",Des Moines,United States,25
611,"Cleantech Solutions International, Inc.",West Palm Beach,United States,37
612,National Bank Holdings Corporation,Wilmington,United States,30
613,"Templeton Dragon Fund, Inc.",Burbank,United States,49
614,Formula Systems (1985) Ltd.,Alexandria,United States,29
615,Prospect Capital Corporation,San Diego,United States,42
616,Fifth Street Finance Corp.,Washington,United States,15
617,W.R. Berkley Corporation,New York City,United States,49
618,"Sophiris Bio, Inc.",Los Angeles,United States,32
619,Dynegy Inc.,Denver,United States,37
620,Bank Of Montreal,Lincoln,United States,50
621,Banner Corporation,Omaha,United States,27
622,"Acacia Communications, Inc.",Salt Lake City,United States,29
623,"Intersections, Inc.",Providence,United States,43
624,"Haverty Furniture Companies, Inc.",Detroit,United States,16
625,Invacare Corporation,Birmingham,United States,49
626,"Winnebago Industries, Inc.",Carson City,United States,27
627,Jensyn Acquistion Corp.,Mesquite,United States,27
628,"AG Mortgage Investment Trust, Inc.",Jacksonville,United States,24
629,"Transcontinental Realty Investors, Inc.",Los Angeles,United States,43
630,II-VI Incorporated,Jackson,United States,40
631,Triangle Capital Corporation,El Paso,United States,23
632,argenx SE,Washington,United States,38
633,Nexvet Biopharma plc,High Point,United States,42
634,"Home Depot, Inc. (The)",Murfreesboro,United States,39
635,Fifth Street Senior Floating Rate Corp.,Sacramento,United States,32
636,"America Movil, S.A.B. de C.V.",Akron,United States,35
637,Michael Kors Holdings Limited,Mobile,United States,42
638,"Urban One, Inc. ",New York City,United States,49
639,"Apollo Endosurgery, Inc.",Montgomery,United States,20
640,"Plug Power, Inc.",New York City,United States,39
641,"Synacor, Inc.",Des Moines,United States,25
642,Blackrock New York Municipal Income Quality Trust,Santa Fe,United States,37
643,"Eyegate Pharmaceuticals, Inc.",Portland,United States,42
644,Gabelli Dividend,Toledo,United States,27
645,Zions Bancorporation,Columbia,United States,29
646,"Franklin Financial Network, Inc.",Toledo,United States,19
647,Nabriva Therapeutics AG,Torrance,United States,19
648,General Finance Corporation,Rockford,United States,41
649,"Chico's FAS, Inc.",Kansas City,United States,36
650,"Western Asset Municipal Partners Fund, Inc.",Detroit,United States,34
651,Morgan Stanley,Littleton,United States,20
652,Eastern Company (The),Newport News,United States,40
653,"Hertz Global Holdings, Inc",Birmingham,United States,33
654,"Freeport-McMoran, Inc.",Orlando,United States,27
655,"Sportsman's Warehouse Holdings, Inc.",Columbia,United States,26
656,"Viking Therapeutics, Inc.",Atlanta,United States,47
657,Esterline Technologies Corporation,Knoxville,United States,39
658,Enzymotec Ltd.,Phoenix,United States,23
659,"Midland States Bancorp, Inc.",Schenectady,United States,42
660,Cheetah Mobile Inc.,Newark,United States,46
661,VictoryShares US 500 Volatility Wtd ETF,Salt Lake City,United States,35
662,"Accelerate Diagnostics, Inc.",Irving,United States,20
663,"Jones Energy, Inc.",Port Saint Lucie,United States,36
664,"Salisbury Bancorp, Inc.",New York City,United States,32
665,"TrueCar, Inc.",Silver Spring,United States,20
666,"Provident Financial Services, Inc",Springfield,United States,46
667,The Carlyle Group L.P.,Los Angeles,United States,26
668,Ladder Capital Corp,Clearwater,United States,45
669,Pimco High Income Fund,Greenville,United States,25
670,Ecolab Inc.,Cincinnati,United States,38
671,Pampa Energia S.A.,Atlanta,United States,28
672,"Goldman Sachs Group, Inc. (The)",Saint Petersburg,United States,16
673,"P & F Industries, Inc.",Irvine,United States,15
674,Vanguard Emerging Markets Government Bond ETF,Stockton,United States,38
675,Valero Energy Corporation,Roanoke,United States,43
676,DLH Holdings Corp.,Clearwater,United States,38
677,KraneShares CSI China Internet ETF,Amarillo,United States,29
678,"Aware, Inc.",West Palm Beach,United States,47
679,Cementos Pacasmayo S.A.A.,Toledo,United States,27
680,ITUS Corporation,Lexington,United States,18
681,Cemtrex Inc.,Springfield,United States,27
682,"Southern First Bancshares, Inc.",Columbia,United States,15
683,"Flagstar Bancorp, Inc.",New York City,United States,34
684,RPM International Inc.,Fort Smith,United States,29
685,Kingtone Wirelessinfo Solution Holding Ltd,Fort Myers,United States,43
686,"KCAP Financial, Inc.",Columbus,United States,33
687,Pitney Bowes Inc.,Knoxville,United States,29
688,"Chiasma, Inc.",Amarillo,United States,20
689,"Apptio, Inc.",Norwalk,United States,21
690,Concurrent Computer Corporation,Harrisburg,United States,31
691,"MOCON, Inc.",Irving,United States,26
692,Helios and Matheson Analytics Inc,Greensboro,United States,24
693,TCF Financial Corporation,Columbia,United States,50
694,"Antares Pharma, Inc.",Van Nuys,United States,23
695,"EPAM Systems, Inc.",Tucson,United States,15
696,"Catalent, Inc.",Durham,United States,48
697,"Pacific American Income Shares, Inc.",Fort Worth,United States,50
698,ICON plc,Minneapolis,United States,21
699,"Twenty-First Century Fox, Inc.",Elmira,United States,39
700,"Apple Hospitality REIT, Inc.",Mesquite,United States,31
701,ASML Holding N.V.,Irving,United States,41
702,"Blackrock MuniHoldings New Jersey Insured Fund, Inc.",Flushing,United States,45
703,O2Micro International Limited,Topeka,United States,27
704,Allstate Corporation (The),San Francisco,United States,47
705,"National Grid Transco, PLC",Roanoke,United States,39
706,Trinseo S.A.,Miami,United States,32
707,Janus Henderson Group plc,Scranton,United States,16
708,VivoPower International PLC,Tuscaloosa,United States,46
709,Trinity Biotech plc,Salt Lake City,United States,30
710,"Central Europe, Russia and Turkey Fund, Inc. (The)",Austin,United States,26
711,"SGOCO Group, Ltd",Knoxville,United States,44
712,"Summit Materials, Inc.",Columbia,United States,21
713,"MMA Capital Management, LLC",Dallas,United States,42
714,"Elevate Credit, Inc.",Burbank,United States,48
715,"CBIZ, Inc.",Midland,United States,42
716,Restaurant Brands International Inc.,Saint Louis,United States,27
717,"W&T Offshore, Inc.",South Bend,United States,19
718,Steelcase Inc.,Little Rock,United States,29
719,Tsakos Energy Navigation Ltd,Cedar Rapids,United States,41
720,Central Garden & Pet Company,Richmond,United States,27
721,"Alexandria Real Estate Equities, Inc.",Norfolk,United States,41
722,Galectin Therapeutics Inc.,Beaverton,United States,19
723,Geospace Technologies Corporation,Philadelphia,United States,32
724,"Neos Therapeutics, Inc.",Savannah,United States,21
725,CBX (Listing Market NYSE Networks AE,Knoxville,United States,21
726,"PS Business Parks, Inc.",Dallas,United States,45
727,Teekay LNG Partners L.P.,Amarillo,United States,19
728,"Forest City Realty Trust, Inc.",Phoenix,United States,20
729,Janus Henderson Small/Mid Cap Growth Alpha ETF,San Diego,United States,30
730,Nuveen AMT-Free Quality Municipal Income Fund,West Hartford,United States,16
731,"1347 Property Insurance Holdings, Inc.",Flushing,United States,22
732,"McCormick & Company, Incorporated",Akron,United States,23
733,"Inovalon Holdings, Inc.",Greenville,United States,40
734,Central Valley Community Bancorp,Rochester,United States,34
735,Invesco Quality Municipal Income Trust,Annapolis,United States,48
736,"AmeriGas Partners, L.P.",Schaumburg,United States,35
737,Royal Bank Scotland plc (The),Miami,United States,26
738,"MediciNova, Inc.",Richmond,United States,21
739,"Mesa Laboratories, Inc.",Norwalk,United States,21
740,Ship Finance International Limited,Portland,United States,49
741,BP p.l.c.,Cedar Rapids,United States,46
742,Resource Capital Corp.,Corpus Christi,United States,45
743,"Veritex Holdings, Inc.",Dayton,United States,28
744,"Ashford Hospitality Prime, Inc.",Florence,United States,42
745,Double Eagle Acquisition Corp.,Marietta,United States,37
746,CYREN Ltd.,Fresno,United States,44
747,DMC Global Inc.,Petaluma,United States,32
748,Hess Corporation,Irving,United States,21
749,Advent Claymore Convertible Securities and Income Fund,West Hartford,United States,25
750,Nuveen Build America Bond Fund,Phoenix,United States,40
751,Toyota Motor Corp Ltd Ord,Washington,United States,25
752,Hewlett Packard Enterprise Company,Detroit,United States,28
753,Bank of America Corporation,Lansing,United States,21
754,"Equifax, Inc.",Torrance,United States,24
755,Naked Brand Group Inc.,Omaha,United States,37
756,Preferred Bank,Detroit,United States,27
757,Murphy USA Inc.,Louisville,United States,29
758,Virtusa Corporation,Charleston,United States,33
759,"Chegg, Inc.",Durham,United States,50
760,"Old Line Bancshares, Inc.",Washington,United States,46
761,Carlisle Companies Incorporated,Waco,United States,42
762,Comerica Incorporated,Denver,United States,35
763,Criteo S.A.,El Paso,United States,16
764,BRF S.A.,Houston,United States,36
765,"Mota Group, Inc.",Fort Worth,United States,36
766,Drive Shack Inc.,Greenville,United States,38
767,Wyndham Worldwide Corp,Montgomery,United States,48
768,Ares Commercial Real Estate Corporation,Louisville,United States,35
769,DTE Energy Company,Albuquerque,United States,17
770,Nuveen NASDAQ 100 Dynamic Overwrite Fund,Austin,United States,31
771,"Air T, Inc.",Baton Rouge,United States,22
772,"Nature's Sunshine Products, Inc.",Simi Valley,United States,22
773,Mesabi Trust,Bryan,United States,34
774,Mazor Robotics Ltd.,Raleigh,United States,27
775,Gladstone Commercial Corporation,Atlanta,United States,33
776,Intelsat S.A.,Lancaster,United States,17
777,Cross Timbers Royalty Trust,Philadelphia,United States,39
778,"Ottawa Bancorp, Inc.",Toledo,United States,45
779,Peoples Financial Corporation,Tucson,United States,46
780,"Apollo Global Management, LLC",Portland,United States,29
781,"Aberdeen Singapore Fund, Inc.",Minneapolis,United States,15
782,Quest Diagnostics Incorporated,Olympia,United States,30
783,"Soligenix, Inc.",Sacramento,United States,39
784,China Petroleum & Chemical Corporation,Sacramento,United States,24
785,Xactly Corporation,New Hyde Park,United States,34
786,"Ominto, Inc.",Washington,United States,48
787,State Auto Financial Corporation,Chattanooga,United States,45
788,Zymeworks Inc.,Nashville,United States,41
789,BankFinancial Corporation,Tucson,United States,34
790,Range Resources Corporation,Columbus,United States,46
791,Sina Corporation,Atlanta,United States,48
792,"Tenax Therapeutics, Inc.",Fort Worth,United States,27
793,"Newpark Resources, Inc.",Boston,United States,29
794,"Salisbury Bancorp, Inc.",Tallahassee,United States,20
795,Sina Corporation,Saint Joseph,United States,18
796,RLJ Lodging Trust,Houston,United States,32
797,"Internet Initiative Japan, Inc.",Washington,United States,34
798,Citigroup Inc.,Fort Wayne,United States,33
799,Baker Hughes Incorporated,Milwaukee,United States,34
800,"Newpark Resources, Inc.",Lakeland,United States,26
801,GMS Inc.,Phoenix,United States,28
802,"Iconix Brand Group, Inc.",Joliet,United States,33
803,Blackrock Municipal Bond Trust,Columbus,United States,21
804,Hutchison China MediTech Limited,Tampa,United States,30
805,BLDRS Emerging Markets 50 ADR Index Fund,Reston,United States,49
806,"On Assignment, Inc.",Saint Petersburg,United States,33
807,Bank of America Corporation,Vancouver,United States,26
808,Christopher & Banks Corporation,Roanoke,United States,31
809,"Caseys General Stores, Inc.",Fort Worth,United States,41
810,DarioHealth Corp.,San Francisco,United States,25
811,"Pure Storage, Inc. ",Fort Wayne,United States,27
812,"Ctrip.com International, Ltd.",Jacksonville,United States,25
813,"Helix Energy Solutions Group, Inc.",Des Moines,United States,32
814,Tsakos Energy Navigation Ltd,Lafayette,United States,35
815,"County Bancorp, Inc.",Nashville,United States,30
816,"Prudential Short Duration High Yield Fund, Inc.",Saint Petersburg,United States,38
817,BB&T Corporation,Rochester,United States,29
818,Harmony Gold Mining Company Limited,Hyattsville,United States,45
819,"Gabelli Equity Trust, Inc. (The)",Iowa City,United States,43
820,Colonial High Income Municipal Trust,Philadelphia,United States,18
821,VelocityShares 3x Long Silver ETN,New York City,United States,31
822,"Cedar Realty Trust, Inc.",New York City,United States,33
823,Amphenol Corporation,Denver,United States,22
824,"My Size, Inc.",Jacksonville,United States,30
825,"Cellular Biomedicine Group, Inc.",Saint Louis,United States,49
826,Boulevard Acquisition Corp. II,Biloxi,United States,47
827,BlackRock California Municipal Income Trust,San Francisco,United States,39
828,"Jason Industries, Inc.",Omaha,United States,46
829,Harvest Capital Credit Corporation,Toledo,United States,40
830,"Source Capital, Inc.",Phoenix,United States,43
831,"CAS Medical Systems, Inc.",Honolulu,United States,42
832,Scana Corporation,Bellevue,United States,45
833,"Roper Technologies, Inc.",Tacoma,United States,42
834,"Advanced Drainage Systems, Inc.",Jackson,United States,47
835,"GenVec, Inc.",Hamilton,United States,36
836,"Saul Centers, Inc.",Memphis,United States,38
837,"LMI Aerospace, Inc.",Biloxi,United States,46
838,"Richardson Electronics, Ltd.",Saint Joseph,United States,18
839,Sun Life Financial Inc.,Boston,United States,36
840,Hyatt Hotels Corporation,Austin,United States,23
841,CIM Commercial Trust Corporation,Rockford,United States,34
842,MS Structured Asset Corp Saturns GE Cap Corp Series 2002-14,Bellevue,United States,37
843,"Cyclacel Pharmaceuticals, Inc.",Tucson,United States,35
844,Ball Corporation,Honolulu,United States,23
845,"Interpace Diagnostics Group, Inc.",New Orleans,United States,17
846,HSBC Holdings plc,San Rafael,United States,35
847,Gazit-Globe Ltd.,Manassas,United States,15
848,"Edge Therapeutics, Inc.",Sunnyvale,United States,49
849,United Community Financial Corp.,Pasadena,United States,27
850,Nuveen Select Tax Free Income Portfolio II,Denver,United States,30
851,ENDRA Life Sciences Inc.,Orange,United States,16
852,Brookfield Infrastructure Partners LP,Akron,United States,43
853,Gladstone Capital Corporation,Lansing,United States,28
854,Kronos Worldwide Inc,New Orleans,United States,17
855,"United Fire Group, Inc",Fort Worth,United States,33
856,First Trust Senior Loan Fund ETF,New Orleans,United States,32
857,Canadian Natural Resources Limited,Corpus Christi,United States,24
858,Till Capital Ltd.,Wilmington,United States,31
859,"Cardiovascular Systems, Inc.",Pittsburgh,United States,15
860,KKR & Co. L.P.,Staten Island,United States,38
861,iShares S&P India Nifty 50 Index Fund,Phoenix,United States,42
862,"The Trade Desk, Inc.",Richmond,United States,22
863,"Oaktree Capital Group, LLC",Columbia,United States,37
864,"MercadoLibre, Inc.",Miami,United States,28
865,"F5 Networks, Inc.",Omaha,United States,15
866,Nuveen Credit Opportunities 2022 Target Term Fund,Oakland,United States,49
867,"China Commercial Credit, Inc.",Augusta,United States,23
868,The Charles Schwab Corporation,Washington,United States,35
869,"Blueknight Energy Partners L.P., L.L.C.",Savannah,United States,34
870,L.B. Foster Company,Aurora,United States,27
871,"Hudson Pacific Properties, Inc.",Alexandria,United States,27
872,Horizon Global Corporation,Chicago,United States,21
873,"Schneider National, Inc.",Whittier,United States,20
874,Till Capital Ltd.,Sunnyvale,United States,22
875,Vericel Corporation,Dayton,United States,22
876,Global X Longevity Thematic ETF,Monticello,United States,43
877,"Surmodics, Inc.",Reston,United States,46
878,"TRACON Pharmaceuticals, Inc.",Dallas,United States,22
879,First Trust Dynamic Europe Equity Income Fund,Cumming,United States,48
880,CA Inc.,Round Rock,United States,39
881,Quotient Limited,Charlotte,United States,26
882,Foresight Autonomous Holdings Ltd.,San Francisco,United States,34
883,Chesapeake Energy Corporation,Waterbury,United States,39
884,"Willamette Valley Vineyards, Inc.",Charlotte,United States,44
885,"Honda Motor Company, Ltd.",Tucson,United States,42
886,Greif Bros. Corporation,Fort Lauderdale,United States,37
887,"Goldman Sachs Group, Inc. (The)",Beaumont,United States,37
888,Granite Real Estate Inc.,Birmingham,United States,38
889,"Colony NorthStar, Inc.",Baton Rouge,United States,26
890,Halcon Resources Corporation,Gary,United States,45
891,Progress Software Corporation,Pittsburgh,United States,44
892,Parker Drilling Company,Mobile,United States,20
893,"Zillow Group, Inc.",Boston,United States,17
894,"CRA International,Inc.",Dayton,United States,45
895,PIMCO New York Municipal Income Fund,Port Washington,United States,39
896,BSQUARE Corporation,Huntington,United States,35
897,Talend S.A.,Shreveport,United States,19
898,"Escalade, Incorporated",Mountain View,United States,28
899,Diana Shipping inc.,Tampa,United States,16
900,Kilroy Realty Corporation,Des Moines,United States,46
901,Arrow DWA Tactical ETF,Columbus,United States,32
902,CoreSite Realty Corporation,New Orleans,United States,37
903,Lam Research Corporation,Portland,United States,22
904,Bel Fuse Inc.,Jefferson City,United States,16
905,Special Opportunities Fund Inc.,Schenectady,United States,41
906,Peregrine Pharmaceuticals Inc.,Alexandria,United States,38
907,"Blue Buffalo Pet Products, Inc.",San Bernardino,United States,50
908,"Chuy's Holdings, Inc.",San Francisco,United States,16
909,Liberty Media Corporation,Waterbury,United States,30
910,Banco Bradesco Sa,San Antonio,United States,44
911,DaVita Inc.,Milwaukee,United States,31
912,"Colony NorthStar, Inc.",Montgomery,United States,48
913,Regions Financial Corporation,Atlanta,United States,40
914,"Achaogen, Inc.",Pensacola,United States,32
915,Heritage Financial Corporation,Bronx,United States,44
916,Brady Corporation,Miami,United States,18
917,BOK Financial Corporation,Houston,United States,46
918,"Onvia, Inc.",Augusta,United States,32
919,Ivy NextShares,Youngstown,United States,38
920,"Knoll, Inc.",Kansas City,United States,38
921,"Xenith Bankshares, Inc.",Washington,United States,26
922,Eaton Vance Corporation,Phoenix,United States,49
923,Liberty Global plc,Champaign,United States,42
924,"CalAtlantic Group, Inc.",Amarillo,United States,44
925,Mallinckrodt plc,Cincinnati,United States,21
926,ClearBridge Energy MLP Fund Inc.,Lynchburg,United States,34
927,"ParkerVision, Inc.",Laurel,United States,20
928,Dynegy Inc.,Young America,United States,27
929,Barclays PLC,Houston,United States,36
930,Vanguard Short-Term Inflation-Protected Securities Index Fund,North Little Rock,United States,28
931,Nortel Inversora SA,Shreveport,United States,15
932,"Aware, Inc.",Austin,United States,29
933,Wyndham Worldwide Corp,Shreveport,United States,48
934,AAR Corp.,Saint Louis,United States,43
935,"Sonus Networks, Inc.",Gary,United States,44
936,Enterprise Bancorp Inc,Washington,United States,36
937,Aegon NV,Charlotte,United States,43
938,Zix Corporation,Chicago,United States,36
939,Old Point Financial Corporation,Jacksonville,United States,16
940,Capella Education Company,Evansville,United States,46
941,B.O.S. Better Online Solutions,Greensboro,United States,48
942,California Water  Service Group Holding,Marietta,United States,37
943,Atkore International Group Inc.,Independence,United States,50
944,"Art's-Way Manufacturing Co., Inc.",Fort Worth,United States,38
945,"Supernus Pharmaceuticals, Inc.",Cedar Rapids,United States,49
946,"Group 1 Automotive, Inc.",Petaluma,United States,22
947,Pentair plc.,Corpus Christi,United States,17
948,"Roka Bioscience, Inc.",Toledo,United States,20
949,New Residential Investment Corp.,Kingsport,United States,37
950,Allstate Corporation (The),New York City,United States,50
951,Echelon Corporation,Los Angeles,United States,45
952,Global Partners LP,Terre Haute,United States,23
953,CA Inc.,Louisville,United States,22
954,"M.D.C. Holdings, Inc.",Stamford,United States,21
955,"ArQule, Inc.",Grand Rapids,United States,40
956,"Staffing 360 Solutions, Inc.",Lincoln,United States,25
957,"Coherent, Inc.",West Palm Beach,United States,42
958,Qwest Corporation,Sacramento,United States,17
959,Pimco Corporate & Income Opportunity Fund,Springfield,United States,24
960,Tsakos Energy Navigation Ltd,Hagerstown,United States,45
961,Emclaire Financial Corp,Seattle,United States,28
962,St. Joe Company (The),Reading,United States,20
963,"Reinsurance Group of America, Incorporated",Clearwater,United States,26
964,International Speedway Corporation,Camden,United States,49
965,iShares MSCI UAE Capped ETF,Washington,United States,50
966,"United Dominion Realty Trust, Inc.",Stockton,United States,16
967,"ONEOK Partners, L.P.",Kissimmee,United States,49
968,"Duff & Phelps Utility & Corporate Bond Trust, Inc.",Inglewood,United States,44
969,"Team, Inc.",Gainesville,United States,49
970,"Sears Hometown and Outlet Stores, Inc.",Philadelphia,United States,31
971,KeyCorp,Tulsa,United States,25
972,"Antares Pharma, Inc.",San Jose,United States,30
973,"AG Mortgage Investment Trust, Inc.",Washington,United States,42
974,Fibria Celulose S.A.,Oklahoma City,United States,18
975,"Proteostasis Therapeutics, Inc.",Dallas,United States,37
976,"Greenbrier Companies, Inc. (The)",Brooklyn,United States,20
977,Urstadt Biddle Properties Inc.,Richmond,United States,17
978,"Minerva Neurosciences, Inc",Clearwater,United States,20
979,First Trust International Multi-Asset Diversified Income Index,San Francisco,United States,49
980,"Continental Resources, Inc.",Dallas,United States,16
981,"SilverBow Resorces, Inc.",Dulles,United States,35
982,"MMA Capital Management, LLC",New York City,United States,28
983,iPath US Treasury 2-year Bear ETN,Staten Island,United States,43
984,MUELLER WATER PRODUCTS,New Haven,United States,31
985,Teleflex Incorporated,Houston,United States,21
986,Amedisys Inc,Sacramento,United States,16
987,"Del Taco Restaurants, Inc.",Hartford,United States,40
988,Stamps.com Inc.,Hampton,United States,15
989,Wells Fargo & Company,Colorado Springs,United States,40
990,"Hasbro, Inc.",Las Vegas,United States,22
991,Gridsum Holding Inc.,El Paso,United States,32
992,Capital One Financial Corporation,Huntington,United States,32
993,"Onconova Therapeutics, Inc.",Des Moines,United States,37
994,American Homes 4 Rent,Savannah,United States,26
995,Gabelli Utility Trust (The),Huntington,United States,40
996,Global X Health & Wellness Thematic ETF,Boston,United States,37
997,Sonoco Products Company,Charleston,United States,45
998,Ciner Resources LP,Fresno,United States,37
999,"Maui Land & Pineapple Company, Inc.",Scottsdale,United States,15
1000,Centrais Electricas Brasileiras S.A.- Eletrobras,Colorado Springs,United States,45
